SK_ID_CURR,SK_ID_BUREAU,CREDIT_ACTIVE,CREDIT_CURRENCY,DAYS_CREDIT,CREDIT_DAY_OVERDUE,DAYS_CREDIT_ENDDATE,DAYS_ENDDATE_FACT,AMT_CREDIT_MAX_OVERDUE,CNT_CREDIT_PROLONG,AMT_CREDIT_SUM,AMT_CREDIT_SUM_DEBT,AMT_CREDIT_SUM_LIMIT,AMT_CREDIT_SUM_OVERDUE,CREDIT_TYPE,DAYS_CREDIT_UPDATE,AMT_ANNUITY
100057,5004962,Closed,currency 1,-2407,0,-2312.0,-2312.0,,0,67500.0,0.0,0.0,0.0,Consumer credit,-1790,0.0
100057,5004963,Closed,currency 1,-349,0,-44.0,-134.0,,0,52933.5,0.0,0.0,0.0,Consumer credit,-99,5917.5
100057,5004964,Closed,currency 1,-1511,0,5813.0,-426.0,,0,2268000.0,0.0,0.0,0.0,Mortgage,-185,0.0
100057,5004965,Closed,currency 1,-337,0,-44.0,-134.0,,0,52933.5,0.0,,0.0,Consumer credit,-106,5917.5
100057,5004966,Closed,currency 1,-787,0,676.0,-443.0,0.0,0,242514.0,,,0.0,Car loan,-443,
100057,5004967,Closed,currency 1,-1542,0,-863.0,-863.0,0.0,0,81219.6,0.0,0.0,0.0,Consumer credit,-858,
100032,5038523,Closed,currency 1,-951,0,-586.0,-586.0,,0,152910.0,0.0,0.0,0.0,Consumer credit,-585,17437.5
100032,5038524,Closed,currency 1,-1389,0,-662.0,-662.0,,0,454500.0,0.0,0.0,0.0,Consumer credit,-652,17437.5
100032,5038525,Closed,currency 1,-1388,0,-662.0,-662.0,0.0,0,454500.0,0.0,0.0,0.0,Consumer credit,-456,17437.5
100032,5038526,Active,currency 1,-556,0,-191.0,,0.0,0,209250.0,0.0,0.0,0.0,Consumer credit,-54,17437.5
100044,5057753,Closed,currency 1,-2729,0,-1624.0,-1781.0,0.0,0,225000.0,0.0,0.0,0.0,Credit card,-1781,
100044,5057754,Closed,currency 1,-2648,0,-2433.0,-2493.0,5476.5,0,38130.84,0.0,0.0,0.0,Consumer credit,-2493,
100044,5057755,Closed,currency 1,-2480,0,-1779.0,-1808.0,7425.0,0,106134.12,0.0,0.0,0.0,Consumer credit,-1808,
100044,5057756,Active,currency 1,-1827,0,660.0,,18406.935,0,135000.0,-130.005,418630.005,0.0,Credit card,-651,
100044,5057757,Active,currency 1,-1739,0,1178.0,,1125.0,0,22500.0,-78.885,247578.885,0.0,Credit card,-654,
100044,5057758,Active,currency 1,-403,0,509.0,,14310.0,0,279859.5,261509.49,0.0,0.0,Consumer credit,-218,
100044,5057759,Active,currency 1,-948,0,416.0,,,0,180000.0,173709.0,0.0,0.0,Credit card,-70,
100044,5057760,Active,currency 1,-773,0,1053.0,,,0,900000.0,648292.5,0.0,0.0,Consumer credit,-11,
100044,5057761,Closed,currency 1,-1634,0,-1486.0,-970.0,,0,360000.0,,,0.0,Consumer credit,-967,
100044,5057762,Closed,currency 1,-1809,0,-1628.0,-970.0,,0,15570.0,,,0.0,Consumer credit,-967,
100044,5057763,Active,currency 1,-83,0,648.0,,0.0,0,67500.0,64462.5,0.0,0.0,Consumer credit,-18,
100077,5059219,Closed,currency 1,-778,0,-650.0,-649.0,,0,225000.0,0.0,0.0,0.0,Credit card,-633,
100077,5059220,Closed,currency 1,-1186,0,-1002.0,-977.0,,0,96228.0,0.0,0.0,0.0,Consumer credit,-721,
100077,5059221,Closed,currency 1,-1185,0,-1002.0,-1002.0,,0,96228.0,0.0,,0.0,Consumer credit,-773,
100077,5059222,Active,currency 1,-148,0,,,0.0,0,270000.0,257926.5,12073.05,0.0,Credit card,-24,
100085,5059254,Closed,currency 1,-1114,0,-930.0,-926.0,,0,39096.0,0.0,0.0,0.0,Consumer credit,-926,
100085,5059255,Closed,currency 1,-1388,0,-1296.0,-1114.0,,0,14116.5,0.0,0.0,0.0,Consumer credit,-1114,
100085,5059256,Active,currency 1,-911,0,915.0,,,0,1350000.0,697500.0,0.0,0.0,Consumer credit,-15,
100085,5059257,Active,currency 1,-493,0,-371.0,,0.0,0,23985.0,0.0,0.0,0.0,Consumer credit,-50,
100068,5086751,Closed,currency 1,-2380,0,,-2020.0,,0,90000.0,,,0.0,Consumer credit,-2020,
100068,5086752,Closed,currency 1,-816,0,,-538.0,,0,4500.0,,,0.0,Consumer credit,-538,
100068,5086753,Closed,currency 1,-2529,0,-1798.0,-1455.0,5912.865,0,120430.8,0.0,0.0,0.0,Consumer credit,-1455,
100068,5086754,Closed,currency 1,-1365,0,-1059.0,-1059.0,0.0,0,36823.14,0.0,0.0,0.0,Consumer credit,-1059,
100068,5086755,Active,currency 1,-400,0,1426.0,,0.0,0,900000.0,799038.0,0.0,0.0,Consumer credit,-35,
100026,5103096,Active,currency 1,-245,0,1581.0,,,0,2700000.0,2542576.5,0.0,0.0,Consumer credit,-23,
100026,5103097,Closed,currency 1,-1644,0,,-916.0,,0,1575000.0,,,0.0,Consumer credit,-914,
100026,5103098,Active,currency 1,-148,0,217.0,,0.0,0,1350000.0,935237.88,0.0,0.0,Microloan,-7,
100071,5132447,Closed,currency 1,-2258,0,-1977.0,-1977.0,,0,126000.0,0.0,0.0,0.0,Consumer credit,-594,
100071,5132448,Closed,currency 1,-1592,0,-861.0,-861.0,,0,184500.0,0.0,0.0,0.0,Consumer credit,-593,
100071,5132449,Closed,currency 1,-1106,0,-740.0,-850.0,,0,144000.0,0.0,0.0,0.0,Consumer credit,-593,
100071,5132450,Closed,currency 1,-1421,0,-1056.0,-973.0,,0,143559.0,,,0.0,Consumer credit,-970,
100039,5153442,Active,currency 1,-91,0,1379.0,,,0,0.0,0.0,0.0,0.0,Credit card,-28,
100039,5153443,Active,currency 1,-449,0,1377.0,,,0,2341746.0,1830429.0,0.0,0.0,Consumer credit,-20,
100039,5153444,Closed,currency 1,-1485,0,-1406.0,-1406.0,,0,69970.5,,,0.0,Consumer credit,-1406,
100039,5153445,Closed,currency 1,-846,0,-788.0,-788.0,,0,32008.5,0.0,,0.0,Consumer credit,-788,
100039,5153446,Closed,currency 1,-557,0,-466.0,-466.0,,0,420867.0,0.0,,0.0,Car loan,-455,
100039,5153447,Closed,currency 1,-584,0,,-399.0,,0,4500.0,,,0.0,Consumer credit,-399,
100039,5153448,Closed,currency 1,-465,0,1256.0,-123.0,,0,0.0,0.0,,0.0,Credit card,-123,
100039,5153449,Sold,currency 1,-1206,0,-980.0,,,0,945000.0,0.0,,0.0,Car loan,-109,
100039,5153450,Active,currency 1,-90,0,641.0,,,0,675000.0,608319.0,,0.0,Consumer credit,-21,
100016,5217354,Active,currency 1,-262,0,845.0,,,0,67500.0,0.0,0.0,0.0,Credit card,-46,
100016,5217355,Active,currency 1,-141,0,223.0,,,0,88996.5,63724.5,0.0,0.0,Consumer credit,-8,
100016,5217356,Closed,currency 1,-1634,0,-1331.0,-1073.0,,0,58495.5,0.0,,0.0,Consumer credit,-1073,
100016,5217357,Active,currency 1,-128,0,236.0,,,0,91264.5,,,0.0,Consumer credit,-3,
100016,5217358,Active,currency 1,-142,0,223.0,,,0,88996.5,,,0.0,Consumer credit,-3,
100016,5217359,Closed,currency 1,-1494,0,-1369.0,-1369.0,0.0,0,22086.0,0.0,0.0,0.0,Consumer credit,-1367,
100016,5217360,Closed,currency 1,-528,0,-347.0,-347.0,0.0,0,57645.0,0.0,0.0,0.0,Consumer credit,-341,
100090,5231094,Active,currency 1,-315,0,50.0,,,0,51957.0,21648.555,,0.0,Consumer credit,-15,
100049,5244757,Active,currency 1,-1052,0,-505.0,,,0,84816.0,10890.0,0.0,0.0,Consumer credit,-516,
100049,5244758,Active,currency 1,-409,0,967.0,,,0,112500.0,100395.0,0.0,0.0,Credit card,-27,
100049,5244759,Active,currency 1,-568,0,518.0,,,0,414000.0,383112.0,0.0,0.0,Credit card,-8,
100049,5244760,Closed,currency 1,-2179,0,-1469.0,-1469.0,,0,141480.0,,,0.0,Credit card,-1469,
100049,5244761,Active,currency 1,-27,0,340.0,,,0,21375.0,21865.5,,0.0,Consumer credit,-18,
100049,5244762,Closed,currency 1,-799,0,-554.0,-554.0,0.0,0,32576.85,0.0,0.0,0.0,Consumer credit,-550,
100049,5244763,Active,currency 1,-700,0,,,0.0,0,45000.0,36180.0,8819.235,0.0,Credit card,-32,
100048,5295749,Closed,currency 1,-75,0,-66.0,-66.0,0.0,0,22905.0,0.0,0.0,0.0,Microloan,-61,
100041,5325220,Closed,currency 1,-2890,0,-2678.0,-2701.0,5830.965,0,32969.79,0.0,0.0,0.0,Consumer credit,-2678,
100041,5325221,Closed,currency 1,-2793,0,-1669.0,-1495.0,0.0,0,180000.0,0.0,0.0,0.0,Credit card,-1495,
100041,5325222,Closed,currency 1,-2312,0,-2098.0,-2128.0,0.0,0,29730.69,0.0,0.0,0.0,Consumer credit,-2128,
100041,5325223,Active,currency 1,-448,0,-53.0,,0.0,0,106870.68,0.0,0.0,0.0,Consumer credit,-439,
100041,5325224,Closed,currency 1,-1001,0,-695.0,-695.0,,0,38794.5,0.0,0.0,0.0,Consumer credit,-676,
100041,5325225,Closed,currency 1,-1065,0,-699.0,-699.0,,0,116100.0,0.0,0.0,0.0,Consumer credit,-676,
100041,5325226,Closed,currency 1,-1197,0,-919.0,-919.0,,0,14760.0,0.0,,0.0,Consumer credit,-919,
100041,5325227,Closed,currency 1,-1794,0,-1703.0,-1703.0,0.0,0,14580.0,0.0,0.0,0.0,Consumer credit,-1458,
100041,5325228,Closed,currency 1,-1669,0,-1366.0,-1275.0,1862.685,0,66555.0,0.0,0.0,0.0,Consumer credit,-1275,
100041,5325229,Closed,currency 1,-612,0,-429.0,-581.0,0.0,0,15030.0,0.0,0.0,0.0,Consumer credit,-579,
100041,5325230,Closed,currency 1,-548,0,-183.0,-336.0,0.0,0,103504.5,0.0,0.0,0.0,Consumer credit,-331,
100041,5325231,Closed,currency 1,-408,0,-224.0,-224.0,0.0,0,58455.0,0.0,0.0,0.0,Consumer credit,-219,
100041,5325232,Closed,currency 1,-66,0,117.0,-36.0,0.0,0,44955.0,0.0,0.0,0.0,Consumer credit,-34,
100014,5326766,Closed,currency 1,-1781,0,45.0,-424.0,,0,900000.0,0.0,0.0,0.0,Consumer credit,-379,
100014,5326767,Closed,currency 1,-435,0,-375.0,-346.0,,0,182250.0,,,0.0,Consumer credit,-340,
100014,5326768,Closed,currency 1,-2308,0,-2004.0,-1992.0,9580.5,0,26194.5,,,0.0,Consumer credit,-1991,
100014,5326769,Closed,currency 1,-1433,0,-1250.0,-1250.0,0.0,0,44379.0,,,0.0,Consumer credit,-1246,
100014,5326770,Closed,currency 1,-1215,0,-484.0,-458.0,25.335,0,450000.0,0.0,0.0,0.0,Consumer credit,-458,
100014,5326771,Closed,currency 1,-792,0,-458.0,-458.0,0.0,0,121358.925,0.0,0.0,0.0,Consumer credit,-454,
100014,5326772,Active,currency 1,-423,0,704.0,,12752.28,0,571500.0,420201.0,0.0,0.0,Consumer credit,-25,
100014,5326773,Active,currency 1,-376,0,723.0,,0.0,0,434250.0,338013.0,0.0,0.0,Consumer credit,-34,
100047,5357372,Closed,currency 1,-2055,0,-960.0,-977.0,,0,675000.0,0.0,0.0,0.0,Consumer credit,-619,
100047,5357373,Active,currency 1,-956,0,116.0,,,0,630000.0,692253.0,0.0,0.0,Credit card,-20,
100047,5357374,Active,currency 1,-1195,0,4284.0,,,0,4045500.0,,,0.0,Mortgage,-1140,
100047,5357375,Closed,currency 1,-898,0,928.0,-420.0,0.0,0,1479834.0,0.0,0.0,0.0,Consumer credit,-420,
100047,5357376,Active,currency 1,-420,0,2137.0,,13518.675,0,2697300.0,2528203.5,0.0,0.0,Consumer credit,-24,
100060,5369259,Closed,currency 1,-809,0,-444.0,-715.0,,0,80979.84,0.0,,0.0,Consumer credit,-288,0.0
100060,5369260,Closed,currency 1,-1211,0,-1026.0,-1022.0,,0,56839.5,0.0,0.0,0.0,Consumer credit,-774,
100060,5369261,Closed,currency 1,-1702,0,-1337.0,-1337.0,,0,39991.5,0.0,,0.0,Consumer credit,-1220,0.0
100060,5369262,Closed,currency 1,-1210,0,-1026.0,-1026.0,0.0,0,56839.5,0.0,0.0,0.0,Consumer credit,-1026,
100045,5377608,Closed,currency 1,-733,0,-337.0,-608.0,0.0,0,281205.0,0.0,0.0,0.0,Consumer credit,-608,
100045,5377609,Active,currency 1,-337,0,-3.0,,0.0,0,96832.89,89351.46,0.0,0.0,Consumer credit,-217,
100045,5377610,Closed,currency 1,-592,0,-274.0,-274.0,,0,60016.5,0.0,,0.0,Consumer credit,-254,
100075,5383474,Active,currency 1,-1637,0,-1463.0,,,0,24066.0,8320.5,,0.0,Consumer credit,-425,
100075,5383475,Active,currency 1,-83,0,1013.0,,,0,112500.0,110259.0,0.0,0.0,Consumer credit,-39,
100075,5383476,Active,currency 1,-862,0,479.0,,,0,225000.0,178965.0,0.0,0.0,Credit card,-39,
100075,5383477,Active,currency 1,-906,0,920.0,,,0,630000.0,250240.5,0.0,0.0,Consumer credit,-10,
100035,5407249,Closed,currency 1,-2723,0,-2539.0,-2531.0,7349.265,0,17284.5,0.0,0.0,0.0,Consumer credit,-2508,
100035,5407250,Closed,currency 1,-2159,0,-2037.0,-2066.0,22365.0,0,61932.42,0.0,0.0,0.0,Consumer credit,-2066,
100035,5407251,Active,currency 1,-387,0,-152.0,,,0,225000.0,204709.5,0.0,0.0,Credit card,-58,
100035,5407252,Active,currency 1,-408,0,1416.0,,,0,1471500.0,1309194.0,0.0,0.0,Consumer credit,-58,
100035,5407253,Closed,currency 1,-2512,0,-2146.0,-2152.0,,0,135000.0,,,0.0,Consumer credit,-2152,
100035,5407254,Active,currency 1,-651,0,1175.0,,,0,810000.0,540468.0,,0.0,Consumer credit,-9,
100035,5407255,Active,currency 1,-184,0,546.0,,,0,491368.5,,,0.0,Consumer credit,-8,
100035,5407256,Closed,currency 1,-2591,0,-1860.0,-1346.0,22518.0,0,112500.0,,,0.0,Credit card,-1346,
100035,5407257,Active,currency 1,-979,0,9980.0,,2808.0,0,220500.0,,,0.0,Credit card,-33,
100029,5460403,Closed,currency 1,-1376,0,-1286.0,-1266.0,,0,24016.5,0.0,0.0,0.0,Consumer credit,-804,
100029,5460404,Closed,currency 1,-2806,0,1563.0,-2064.0,,0,3645000.0,,,0.0,Mortgage,-2064,
100029,5460405,Closed,currency 1,-1375,0,-1286.0,-1294.0,,0,24016.5,0.0,,0.0,Consumer credit,-1282,
100029,5460406,Active,currency 1,-110,0,,,,0,3735000.0,3682287.0,,0.0,Mortgage,-17,
100076,5471413,Active,currency 1,-121,0,,,,0,1350000.0,1321393.5,,0.0,Consumer credit,-20,61470.0
100076,5471414,Active,currency 1,-441,0,627.0,,49170.24,0,1811057.58,1159215.705,0.0,0.0,Car loan,-10,61470.0
100076,5471415,Active,currency 1,-171,0,912.0,,0.0,0,135000.0,130250.79,4749.21,0.0,Credit card,-10,61470.0
100015,5473348,Closed,currency 1,-1031,0,-666.0,-666.0,,0,94320.0,0.0,0.0,0.0,Consumer credit,-660,
100015,5473349,Closed,currency 1,-1409,0,-1045.0,-907.0,,0,131103.0,,,0.0,Consumer credit,-904,
100015,5473350,Closed,currency 1,-1032,0,-666.0,-641.0,,0,94320.0,,,0.0,Consumer credit,-638,
100015,5473351,Closed,currency 1,-319,0,-16.0,-8.0,,0,89752.5,,,0.0,Consumer credit,-3,
100082,5479491,Closed,currency 1,-799,0,-781.0,-775.0,,0,380250.0,0.0,0.0,0.0,Consumer credit,-707,
100082,5479492,Closed,currency 1,-1448,0,-811.0,-806.0,,0,90000.0,0.0,0.0,0.0,Credit card,-710,
100082,5479493,Closed,currency 1,-1017,0,-712.0,-775.0,,0,90855.0,0.0,0.0,0.0,Consumer credit,-775,
100082,5479494,Closed,currency 1,-1079,0,-276.0,-105.0,,0,360000.0,0.0,0.0,0.0,Credit card,-102,
100082,5479495,Closed,currency 1,-1175,0,-870.0,-992.0,,0,59395.5,0.0,0.0,0.0,Consumer credit,-990,
100082,5479496,Closed,currency 1,-1791,0,35.0,-1543.0,,0,900000.0,0.0,0.0,0.0,Consumer credit,-495,
100082,5479497,Active,currency 1,-1270,0,-198.0,,,0,135000.0,124573.5,0.0,0.0,Credit card,-47,
100082,5479498,Active,currency 1,-1479,0,2174.0,,,0,3600000.0,2188683.0,0.0,0.0,Mortgage,-47,
100082,5479499,Closed,currency 1,-2572,0,-1469.0,-1469.0,,0,87750.0,0.0,,0.0,Credit card,-749,
100082,5479500,Closed,currency 1,-2035,0,8930.0,-1517.0,1449.0,1,225000.0,,,0.0,Credit card,-1517,
100082,5479501,Closed,currency 1,-1423,0,403.0,-697.0,0.0,0,450000.0,,,0.0,Consumer credit,-697,
100082,5479502,Closed,currency 1,-1404,0,9556.0,-779.0,31707.0,0,501750.0,,,0.0,Credit card,-779,
100082,5479503,Closed,currency 1,-601,0,1226.0,-360.0,0.0,0,1350000.0,,,0.0,Consumer credit,-360,
100082,5479504,Closed,currency 1,-592,0,10365.0,-456.0,0.0,0,481500.0,,,0.0,Credit card,-456,
100082,5479505,Active,currency 1,-361,0,1465.0,,0.0,0,1462500.0,,,0.0,Consumer credit,-88,
100082,5479506,Active,currency 1,-157,0,10802.0,,0.0,0,148500.0,,,0.0,Credit card,-80,
100082,5479507,Active,currency 1,-65,0,239.0,,0.0,0,71495.91,71495.91,0.0,0.0,Consumer credit,-56,
100073,5490698,Active,currency 1,-524,0,1045.0,,,0,180000.0,165465.0,0.0,0.0,Credit card,-42,
100073,5490699,Closed,currency 1,-1788,0,-1468.0,-1468.0,,0,151983.0,,,0.0,Consumer credit,-1459,
100073,5490700,Active,currency 1,-1015,0,,,54907.965,0,1575000.0,1149471.0,425528.64,0.0,Credit card,-39,
100073,5490701,Active,currency 1,-181,0,,,0.0,0,270000.0,222187.5,47810.79,0.0,Credit card,-25,
100070,5524299,Active,currency 1,-1366,0,837.0,,,0,630000.0,545202.0,0.0,0.0,Credit card,-6,
100070,5524300,Closed,currency 1,-2350,0,-1255.0,-1665.0,,0,2025000.0,0.0,,0.0,Consumer credit,-1628,
100070,5524301,Closed,currency 1,-1666,0,-570.0,-1252.0,,0,2025000.0,0.0,,0.0,Consumer credit,-1243,
100070,5524302,Closed,currency 1,-1252,0,-156.0,-460.0,,0,2025000.0,0.0,,0.0,Consumer credit,-452,
100070,5524303,Active,currency 1,-299,0,797.0,,,0,1800000.0,1450858.5,,0.0,Consumer credit,-4,
100070,5524304,Active,currency 1,-2206,0,1103.0,,,0,253800.0,253575.0,,0.0,Credit card,-4,
100060,5564644,Closed,currency 1,-1703,0,-1337.0,-1328.0,,0,39991.5,0.0,0.0,0.0,Consumer credit,-805,0.0
100042,5574778,Active,currency 1,-1631,0,-1449.0,,,0,80325.0,68449.5,,0.0,Consumer credit,-584,
100042,5574779,Active,currency 1,-1399,0,-1033.0,,,0,279585.0,171531.0,,0.0,Consumer credit,-574,
100042,5574780,Closed,currency 1,-2723,0,-1627.0,-1931.0,,0,675000.0,0.0,0.0,0.0,Consumer credit,-1082,0.0
100042,5574781,Closed,currency 1,-2723,0,-1627.0,-1931.0,,0,675000.0,0.0,0.0,0.0,Consumer credit,-1569,0.0
100042,5574782,Active,currency 1,-234,0,958.0,,,0,90000.0,65961.0,0.0,0.0,Credit card,-118,
100042,5574783,Active,currency 1,-234,0,497.0,,,0,700209.0,517540.5,0.0,0.0,Consumer credit,-19,35433.0
100042,5574784,Closed,currency 1,-262,0,1669.0,-76.0,,0,1414269.0,0.0,,0.0,Consumer credit,-74,0.0
100042,5574785,Active,currency 1,-887,0,1669.0,,,0,1414269.0,1111482.0,,0.0,Consumer credit,-6,30271.5
100042,5574786,Active,currency 1,-1031,0,74.0,,,0,270000.0,0.0,,0.0,Credit card,-4,0.0
100042,5574787,Active,currency 1,-662,0,1895.0,,0.0,0,1314000.0,1139198.895,0.0,0.0,Consumer credit,-23,30105.0
100042,5574788,Closed,currency 1,-1375,0,452.0,-887.0,0.0,0,1323000.0,0.0,0.0,0.0,Consumer credit,-887,
100042,5574789,Closed,currency 1,-1390,0,-840.0,-1239.0,0.0,0,450000.0,0.0,0.0,0.0,Consumer credit,-1239,
100042,5574790,Active,currency 1,-2000,0,8957.0,,999.0,0,405000.0,,,0.0,Credit card,-10,40500.0
100042,5574791,Closed,currency 1,-2006,0,-910.0,-1386.0,5562.0,0,450000.0,,,0.0,Consumer credit,-1386,
100010,5576630,Active,currency 1,-1138,0,689.0,,,0,675000.0,348007.5,0.0,0.0,Consumer credit,-18,
100010,5576632,Closed,currency 1,-2741,0,-928.0,-1138.0,,0,315000.0,0.0,,0.0,Loan for business development,-1138,
100009,5650996,Closed,currency 1,-684,0,-313.0,-313.0,,0,61965.0,0.0,0.0,0.0,Consumer credit,-283,
100009,5650997,Closed,currency 1,-782,0,1044.0,-415.0,,0,351000.0,0.0,0.0,0.0,Consumer credit,-375,
100009,5650998,Closed,currency 1,-1428,0,-1245.0,-1244.0,,0,93465.0,0.0,0.0,0.0,Consumer credit,-782,
100009,5650999,Closed,currency 1,-1241,0,-1056.0,-1055.0,,0,37710.0,0.0,0.0,0.0,Consumer credit,-1055,
100009,5651000,Closed,currency 1,-1686,0,139.0,-819.0,,0,1777500.0,0.0,0.0,0.0,Consumer credit,-591,
100009,5651002,Closed,currency 1,-1765,0,-1581.0,-1580.0,,0,66825.0,0.0,0.0,0.0,Consumer credit,-1549,
100009,5651003,Active,currency 1,-239,0,-209.0,,,0,337500.0,326628.0,0.0,0.0,Credit card,-86,
100009,5651004,Active,currency 1,-424,0,1402.0,,,0,642861.0,557959.5,0.0,0.0,Consumer credit,-27,
100009,5651005,Closed,currency 1,-2882,0,-2152.0,-2152.0,,0,247500.0,,,0.0,Consumer credit,-2152,
100009,5651006,Closed,currency 1,-1427,0,-1245.0,-1245.0,,0,93465.0,0.0,,0.0,Consumer credit,-1127,
100009,5651007,Closed,currency 1,-1879,0,-1699.0,-986.0,,0,97978.5,,,0.0,Consumer credit,-983,
100009,5651008,Closed,currency 1,-1259,0,-1080.0,-986.0,,0,114799.5,,,0.0,Consumer credit,-983,
100009,5651009,Active,currency 1,-1293,0,,,,0,187200.0,0.0,,0.0,Credit card,-847,
100009,5651010,Active,currency 1,-411,0,,,,0,360000.0,192762.0,,0.0,Consumer credit,-23,
100009,5651011,Closed,currency 1,-2018,0,-1774.0,-1774.0,0.0,0,35770.5,0.0,0.0,0.0,Consumer credit,-1518,
100009,5651012,Closed,currency 1,-1609,0,-1517.0,-1517.0,0.0,0,100665.0,0.0,0.0,0.0,Consumer credit,-1517,
100009,5651013,Closed,currency 1,-1133,0,-951.0,-951.0,0.0,0,83952.0,,,0.0,Consumer credit,-949,
100009,5651014,Closed,currency 1,-727,0,-482.0,-482.0,0.0,0,110655.0,0.0,0.0,0.0,Consumer credit,-482,
100069,5653667,Closed,currency 1,-1975,0,-1820.0,-1820.0,,0,57469.5,0.0,0.0,0.0,Consumer credit,-1593,
100069,5653668,Closed,currency 1,-2263,0,-437.0,-448.0,,0,2475000.0,0.0,0.0,0.0,Consumer credit,-347,
100069,5653669,Active,currency 1,-467,0,1359.0,,,0,3600000.0,3059608.5,0.0,0.0,Consumer credit,-6,40486.5
100069,5653670,Active,currency 1,-112,0,253.0,,0.0,0,116856.0,92650.5,0.0,0.0,Consumer credit,-18,
100087,5665566,Active,currency 1,-80,0,-50.0,,,0,67500.0,0.0,0.0,0.0,Credit card,-53,
100087,5665567,Closed,currency 1,-644,0,-277.0,-276.0,,0,194400.0,0.0,0.0,0.0,Consumer credit,-275,
100087,5665568,Closed,currency 1,-644,0,-277.0,-276.0,,0,53010.0,0.0,0.0,0.0,Consumer credit,-275,
100087,5665569,Closed,currency 1,-731,0,,-644.0,0.0,0,0.0,0.0,0.0,0.0,Credit card,-407,
100087,5665570,Active,currency 1,-280,0,269.0,,10404.18,0,194715.0,118368.0,0.0,0.0,Consumer credit,-25,
100087,5665571,Active,currency 1,-15,0,531.0,,0.0,0,167380.515,167380.515,0.0,0.0,Consumer credit,-9,
100094,5676240,Closed,currency 1,-1049,0,-379.0,-530.0,0.0,0,4500.0,-0.405,4500.405,0.0,Credit card,-530,
100094,5676241,Active,currency 1,-472,0,1355.0,,0.0,0,90000.0,0.0,0.0,0.0,Credit card,-472,
100094,5676242,Active,currency 1,-246,0,850.0,,0.0,0,67500.0,67434.48,65.52,0.0,Credit card,-160,
100094,5676243,Active,currency 1,-342,0,754.0,,,0,693000.0,543901.5,0.0,0.0,Consumer credit,-13,
100063,5680682,Closed,currency 1,-384,0,-19.0,-353.0,,0,112896.0,0.0,,0.0,Consumer credit,-260,0.0
100063,5680683,Active,currency 1,-381,0,1280.0,,,0,0.0,0.0,0.0,0.0,Credit card,-14,0.0
100063,5680684,Active,currency 1,-381,0,746.0,,,0,900000.0,705651.345,,0.0,Consumer credit,-13,0.0
100063,5680685,Active,currency 1,-381,0,1280.0,,,0,0.0,0.0,0.0,0.0,Credit card,-14,0.0
100063,5680686,Closed,currency 1,-2781,0,-2446.0,-2474.0,,0,57906.0,0.0,,0.0,Consumer credit,-857,
100063,5680687,Closed,currency 1,-2909,0,-1934.0,-1932.0,,0,873000.0,0.0,0.0,0.0,Car loan,-1927,
100063,5680688,Closed,currency 1,-2565,0,-1835.0,-1952.0,,0,135000.0,0.0,0.0,0.0,Consumer credit,-1952,0.0
100063,5680689,Closed,currency 1,-248,0,848.0,-241.0,,0,585000.0,0.0,0.0,0.0,Credit card,-226,0.0
100063,5680690,Closed,currency 1,-354,0,-98.0,-98.0,,0,18000.0,0.0,0.0,0.0,Credit card,-96,
100063,5680691,Closed,currency 1,-1275,0,-1123.0,-1160.0,,0,13680.0,0.0,0.0,0.0,Consumer credit,-1159,13761.0
100063,5680692,Closed,currency 1,-1326,0,-230.0,-249.0,,0,108000.0,0.0,0.0,0.0,Credit card,-247,12019.5
100063,5680693,Closed,currency 1,-1348,0,-252.0,-362.0,,0,494505.0,0.0,0.0,0.0,Consumer credit,-359,0.0
100063,5680694,Closed,currency 1,-1806,0,-1075.0,-1316.0,,0,180000.0,0.0,0.0,0.0,Consumer credit,-1315,0.0
100063,5680695,Active,currency 1,-1011,0,11.0,,,0,40500.0,29988.0,0.0,0.0,Credit card,-4,0.0
100063,5680696,Active,currency 1,-266,0,915.0,,,0,180000.0,169758.0,0.0,0.0,Credit card,-171,0.0
100063,5680697,Active,currency 1,-238,0,858.0,,,0,585000.0,479065.5,0.0,0.0,Credit card,-9,0.0
100063,5680698,Closed,currency 1,-2497,0,-303.0,-915.0,,0,202500.0,,,0.0,Credit card,-914,14232.51
100063,5680699,Active,currency 1,-266,0,708.0,,2502.0,0,520344.0,267426.0,,0.0,Consumer credit,-10,
100017,5704884,Closed,currency 1,-2881,0,-2546.0,-2575.0,0.0,0,107230.5,0.0,0.0,0.0,Consumer credit,-2575,
100017,5704885,Closed,currency 1,-2562,0,-2227.0,-2256.0,0.0,0,63990.0,0.0,0.0,0.0,Consumer credit,-2256,
100017,5704886,Closed,currency 1,-2151,0,-1785.0,-1785.0,,0,225000.0,0.0,0.0,0.0,Consumer credit,-1412,
100017,5704887,Closed,currency 1,-1750,0,-1439.0,-1439.0,,0,123318.0,,,0.0,Consumer credit,-1434,
100017,5704888,Closed,currency 1,-1413,0,-1274.0,-1274.0,,0,25231.5,,,0.0,Consumer credit,-1266,
100017,5704889,Closed,currency 1,-909,0,197.0,-738.0,0.0,0,315000.0,,,0.0,Credit card,-623,
100093,5710748,Closed,currency 1,-557,0,-174.0,-174.0,0.0,0,90000.0,0.0,0.0,0.0,Consumer credit,-174,
100053,5723576,Closed,currency 1,-2689,0,-2534.0,-2521.0,,0,26919.0,0.0,0.0,0.0,Consumer credit,-787,
100053,5723577,Closed,currency 1,-1764,0,-648.0,-648.0,,0,135000.0,0.0,0.0,0.0,Consumer credit,-644,
100053,5723578,Active,currency 1,-2338,0,-1958.0,,,0,48820.5,,,0.0,Consumer credit,-1945,
100053,5723579,Closed,currency 1,-2688,0,-2534.0,-2551.0,,0,26919.0,0.0,,0.0,Consumer credit,-1723,
100053,5723580,Closed,currency 1,-2893,0,,-1588.0,,0,0.0,0.0,,0.0,Credit card,-1588,
100053,5723581,Closed,currency 1,-2639,0,-2496.0,-2496.0,,0,77850.0,0.0,,0.0,Credit card,-729,
100053,5723582,Closed,currency 1,-1925,0,-832.0,-707.0,,0,225000.0,,,0.0,Consumer credit,-704,
100053,5723583,Closed,currency 1,-1767,0,-648.0,-630.0,,0,135000.0,,,0.0,Consumer credit,-630,
100054,5727772,Closed,currency 1,-1483,0,-1115.0,-1114.0,,0,48600.0,0.0,0.0,0.0,Consumer credit,-1114,
100054,5727773,Active,currency 1,-1138,0,-772.0,,0.0,0,56092.5,0.0,0.0,0.0,Consumer credit,-42,
100011,5741082,Closed,currency 1,-2508,0,-2173.0,-2197.0,10147.23,0,90744.3,0.0,0.0,0.0,Consumer credit,-2172,
100011,5741083,Closed,currency 1,-1960,0,-860.0,-1618.0,0.0,0,54000.0,0.0,0.0,0.0,Credit card,-1618,
100011,5741084,Closed,currency 1,-1309,0,-1070.0,-1070.0,,0,145242.0,0.0,0.0,0.0,Consumer credit,-1064,
100011,5741085,Closed,currency 1,-1315,0,-1070.0,-968.0,,0,145242.0,,,0.0,Consumer credit,-965,
100066,5790310,Closed,currency 1,-463,0,1363.0,-323.0,,0,450000.0,0.0,0.0,0.0,Consumer credit,-310,0.0
100066,5790311,Closed,currency 1,-674,0,1152.0,-307.0,,0,297000.0,0.0,0.0,0.0,Consumer credit,-188,0.0
100066,5790312,Active,currency 1,-491,0,873.0,,,0,202500.0,181687.5,0.0,0.0,Credit card,-201,
100055,5827032,Closed,currency 1,-913,0,-792.0,-790.0,,0,48150.0,0.0,0.0,0.0,Consumer credit,-789,
100055,5827033,Closed,currency 1,-958,0,-806.0,-806.0,,0,119025.0,0.0,0.0,0.0,Consumer credit,-759,
100055,5827034,Closed,currency 1,-2202,0,-378.0,-370.0,,0,450000.0,0.0,0.0,0.0,Consumer credit,-367,
100055,5827035,Active,currency 1,-350,0,,,,0,103500.0,,,0.0,Credit card,-62,
100055,5827036,Active,currency 1,-350,0,746.0,,,0,669240.0,,,0.0,Consumer credit,-13,
100055,5827037,Active,currency 1,-1204,0,623.0,,,0,1370254.5,1210297.5,,0.0,Car loan,-13,
100055,5827038,Active,currency 1,-161,0,145.0,,0.0,0,66562.515,34140.555,0.0,0.0,Consumer credit,-13,
100067,5828816,Closed,currency 1,-763,0,30886.0,-118.0,,0,0.0,0.0,,0.0,Credit card,-60,
100067,5828817,Closed,currency 1,-877,0,-543.0,-724.0,,0,27094.5,0.0,,0.0,Consumer credit,-721,
100067,5828818,Closed,currency 1,-555,0,-220.0,-256.0,,0,48559.5,0.0,,0.0,Consumer credit,-253,
100067,5828819,Closed,currency 1,-392,0,-27.0,-147.0,,0,27774.0,0.0,,0.0,Consumer credit,-115,
100067,5828820,Closed,currency 1,-592,0,-257.0,-408.0,,0,20655.0,0.0,,0.0,Consumer credit,-398,
100067,5828821,Closed,currency 1,-1628,0,198.0,-164.0,,0,1260000.0,0.0,0.0,0.0,Consumer credit,-160,0.0
100067,5828822,Closed,currency 1,-309,0,-180.0,-169.0,,0,67500.0,0.0,0.0,0.0,Credit card,-167,0.0
100067,5828823,Closed,currency 1,-539,0,-419.0,-373.0,,0,126000.0,0.0,0.0,0.0,Credit card,-370,0.0
100067,5828824,Active,currency 1,-57,0,126.0,,,0,19980.0,16879.5,0.0,0.0,Consumer credit,-13,0.0
100067,5828825,Active,currency 1,-423,0,308.0,,,0,284310.0,147406.5,0.0,0.0,Consumer credit,-58,11961.0
100067,5828826,Active,currency 1,-897,0,,,,0,90000.0,,,0.0,Credit card,-568,0.0
100067,5828827,Closed,currency 1,-200,0,,-161.0,,0,112500.0,,,0.0,Credit card,-150,0.0
100067,5828828,Closed,currency 1,-386,0,-27.0,-147.0,,0,27774.0,0.0,,0.0,Consumer credit,-147,2835.0
100067,5828829,Active,currency 1,-143,0,951.0,,0.0,0,753750.0,711369.0,0.0,0.0,Consumer credit,-40,20937.51
100067,5828830,Active,currency 1,-190,0,,,0.0,0,317250.0,301315.5,15932.25,0.0,Credit card,-30,31725.0
100067,5828831,Closed,currency 1,-543,0,-176.0,-330.0,0.0,0,53955.0,0.0,0.0,0.0,Consumer credit,-330,
100067,5828832,Closed,currency 1,-1358,0,9600.0,-906.0,0.0,0,0.0,,,0.0,Credit card,-906,
100019,5832095,Active,currency 1,-495,0,10463.0,,0.0,0,270000.0,0.0,270000.0,0.0,Credit card,-46,27000.0
100019,5832096,Active,currency 1,-495,0,419.0,,0.0,0,450000.0,245470.14,0.0,0.0,Consumer credit,-7,27000.0
100037,5837511,Closed,currency 1,-1994,0,-1871.0,-1896.0,,0,54900.0,0.0,0.0,0.0,Consumer credit,-1695,0.0
100037,5837512,Closed,currency 1,-1552,0,-1369.0,-1361.0,,0,55242.0,0.0,0.0,0.0,Consumer credit,-929,0.0
100037,5837513,Closed,currency 1,-1247,0,-1063.0,-1094.0,,0,78907.5,0.0,0.0,0.0,Consumer credit,-1094,0.0
100037,5837514,Closed,currency 1,-1552,0,-1370.0,-1492.0,,0,66478.5,0.0,0.0,0.0,Consumer credit,-1492,0.0
100037,5837515,Closed,currency 1,-1551,0,-1369.0,-1369.0,,0,55242.0,0.0,,0.0,Consumer credit,-1274,0.0
100037,5837516,Active,currency 1,-1467,0,,,,0,108000.0,0.0,,0.0,Credit card,-994,
100037,5837517,Closed,currency 1,-2379,0,-2225.0,-2252.0,0.0,0,90000.0,0.0,0.0,0.0,Consumer credit,-2243,0.0
100003,5885877,Closed,currency 1,-2586,0,-2434.0,-2131.0,0.0,0,22248.0,0.0,0.0,0.0,Consumer credit,-2131,
100003,5885878,Closed,currency 1,-1636,0,-540.0,-540.0,0.0,0,112500.0,0.0,0.0,0.0,Credit card,-540,
100003,5885879,Closed,currency 1,-775,0,-420.0,-621.0,0.0,0,72652.5,0.0,0.0,0.0,Consumer credit,-550,
100003,5885880,Active,currency 1,-606,0,1216.0,,0.0,0,810000.0,0.0,810000.0,0.0,Credit card,-43,
100072,5892290,Closed,currency 1,-630,0,,-119.0,,0,252000.0,,,0.0,Consumer credit,-119,11250.0
100072,5892291,Closed,currency 1,-494,0,-314.0,-313.0,10368.495,0,62716.5,0.0,0.0,0.0,Consumer credit,-310,11250.0
100001,5896630,Closed,currency 1,-857,0,-492.0,-553.0,,0,112500.0,0.0,0.0,0.0,Consumer credit,-155,0.0
100001,5896631,Closed,currency 1,-909,0,-179.0,-877.0,,0,279720.0,0.0,0.0,0.0,Consumer credit,-155,0.0
100001,5896632,Closed,currency 1,-879,0,-514.0,-544.0,,0,91620.0,0.0,0.0,0.0,Consumer credit,-155,0.0
100001,5896633,Closed,currency 1,-1572,0,-1329.0,-1328.0,,0,85500.0,0.0,0.0,0.0,Consumer credit,-155,0.0
100001,5896634,Active,currency 1,-559,0,902.0,,,0,337680.0,113166.0,0.0,0.0,Consumer credit,-6,4630.5
100001,5896635,Active,currency 1,-49,0,1778.0,,,0,378000.0,373239.0,0.0,0.0,Consumer credit,-16,10822.5
100001,5896636,Active,currency 1,-320,0,411.0,,,0,168345.0,110281.5,,0.0,Consumer credit,-10,9364.5
100027,5904153,Closed,currency 1,-1983,0,-1649.0,-1675.0,5130.0,0,40297.5,0.0,0.0,0.0,Consumer credit,-1675,
100027,5904154,Active,currency 1,-143,0,944.0,,,0,427500.0,376713.0,0.0,0.0,Consumer credit,-3,
100027,5904155,Closed,currency 1,-253,0,-130.0,-130.0,0.0,0,157500.0,0.0,0.0,0.0,Consumer credit,-124,
100013,5922077,Closed,currency 1,-1210,0,-1089.0,-1118.0,,0,26490.06,0.0,,0.0,Consumer credit,-4,
100013,5922081,Closed,currency 1,-2070,0,-1707.0,-1218.0,,0,95040.0,,,0.0,Consumer credit,-1215,0.0
100013,5922082,Closed,currency 1,-1665,0,-567.0,-549.0,,0,1262250.0,,,0.0,Car loan,-549,0.0
100013,5922083,Closed,currency 1,-2005,0,-909.0,-1334.0,19305.0,0,688500.0,,,0.0,Car loan,-1334,
100033,5943236,Active,currency 1,-195,0,913.0,,,0,675000.0,0.0,0.0,0.0,Credit card,-169,
100007,5987200,Closed,currency 1,-1149,0,-783.0,-783.0,0.0,0,146250.0,0.0,0.0,0.0,Consumer credit,-783,
100086,5990278,Closed,currency 1,-1210,0,-1025.0,-1027.0,,0,80955.0,0.0,0.0,0.0,Consumer credit,-1027,
100086,5990279,Active,currency 1,-1364,0,-1182.0,,,0,100215.0,0.0,0.0,0.0,Consumer credit,-310,
100086,5990280,Active,currency 1,-847,0,979.0,,,0,297000.0,201816.0,0.0,0.0,Consumer credit,-17,
100086,5990281,Active,currency 1,-828,0,611.0,,,0,270000.0,202212.0,0.0,0.0,Credit card,-17,
100086,5990282,Active,currency 1,-218,0,511.0,,,0,276192.0,,,0.0,Consumer credit,-2,
100086,5990283,Closed,currency 1,-572,0,-451.0,-448.0,14453.865,0,53572.95,0.0,0.0,0.0,Consumer credit,-444,
100020,6093289,Closed,currency 1,-492,0,-311.0,-311.0,0.0,0,19125.0,0.0,0.0,0.0,Consumer credit,-310,
100020,6093290,Closed,currency 1,-288,0,-104.0,-135.0,0.0,0,29160.0,0.0,0.0,0.0,Consumer credit,-133,
100020,6093291,Active,currency 1,-176,0,8.0,,0.0,0,16200.0,5845.5,0.0,0.0,Consumer credit,-52,
100020,6093292,Active,currency 1,-90,0,277.0,,0.0,0,135000.0,117243.0,0.0,0.0,Consumer credit,-28,
100043,6102747,Closed,currency 1,-1169,0,-414.0,-130.0,,0,306000.0,0.0,0.0,0.0,Credit card,-127,16290.0
100043,6102748,Closed,currency 1,-2639,0,-2453.0,-2516.0,0.0,0,27720.0,0.0,0.0,0.0,Consumer credit,-2513,16290.0
100002,6113835,Closed,currency 1,-1043,0,62.0,-967.0,0.0,0,67500.0,,,0.0,Credit card,-758,0.0
100002,6158903,Active,currency 1,-1042,0,780.0,,,0,450000.0,245781.0,0.0,0.0,Consumer credit,-7,0.0
100002,6158904,Closed,currency 1,-1125,0,-1038.0,-1038.0,,0,40761.0,,,0.0,Credit card,-1038,0.0
100002,6158905,Closed,currency 1,-476,0,,-48.0,,0,0.0,0.0,,0.0,Credit card,-47,
100002,6158906,Closed,currency 1,-1437,0,-1072.0,-1185.0,0.0,0,135000.0,0.0,0.0,0.0,Consumer credit,-1185,0.0
100002,6158907,Closed,currency 1,-1121,0,-911.0,-911.0,3321.0,0,19071.0,,,0.0,Consumer credit,-906,0.0
100002,6158908,Closed,currency 1,-645,0,85.0,-36.0,5043.645,0,120735.0,0.0,0.0,0.0,Consumer credit,-34,0.0
100002,6158909,Active,currency 1,-103,0,,,40.5,0,31988.565,0.0,31988.565,0.0,Credit card,-24,0.0
100097,6175061,Closed,currency 1,-2726,0,-2400.0,-2326.0,,0,112428.0,,,0.0,Consumer credit,-2326,
100097,6175062,Closed,currency 1,-2116,0,-1813.0,-969.0,,0,80055.0,,,0.0,Consumer credit,-966,
100097,6175063,Active,currency 1,-87,0,97.0,,0.0,0,126810.18,86526.0,0.0,0.0,Consumer credit,-18,
100025,6187585,Active,currency 1,-700,0,1124.0,,,0,2452500.0,1886544.0,0.0,0.0,Consumer credit,-49,
100031,6187661,Closed,currency 1,-1365,0,-269.0,-991.0,,0,573358.5,0.0,,0.0,Consumer credit,-989,
100031,6187662,Closed,currency 1,-992,0,469.0,-499.0,,0,1125000.0,1125000.0,,0.0,Consumer credit,-499,
100031,6187663,Closed,currency 1,-501,0,960.0,-233.0,,0,1350000.0,,,0.0,Consumer credit,-211,
100031,6187664,Closed,currency 1,-203,0,162.0,-73.0,,0,171013.5,,,0.0,Consumer credit,-72,
100031,6187665,Active,currency 1,-741,0,,,,0,112500.0,,,0.0,Credit card,-72,
100031,6187666,Active,currency 1,-75,0,1021.0,,,0,548779.5,,,0.0,Consumer credit,-12,
100031,6187667,Active,currency 1,-180,0,,,,0,90000.0,,,0.0,Credit card,-9,
100074,6190672,Closed,currency 1,-1307,0,-1002.0,-1005.0,,0,30555.0,0.0,,0.0,Consumer credit,-1002,0.0
100074,6190673,Closed,currency 1,-1030,0,-300.0,-300.0,0.0,0,286634.52,0.0,0.0,0.0,Consumer credit,-296,
100074,6190674,Closed,currency 1,-2071,0,-1765.0,-1765.0,4011.57,0,43785.0,0.0,0.0,0.0,Consumer credit,-1765,
100099,6221641,Closed,currency 1,-833,0,-651.0,-647.0,,0,45531.0,0.0,0.0,0.0,Consumer credit,-646,
100099,6221642,Closed,currency 1,-1010,0,-645.0,-430.0,,0,0.0,0.0,0.0,0.0,Credit card,-423,0.0
100099,6221643,Active,currency 1,-1504,0,322.0,,,0,494550.0,90670.5,0.0,0.0,Consumer credit,-10,
100099,6221644,Active,currency 1,-1161,0,666.0,,,0,197820.0,94864.5,0.0,0.0,Consumer credit,-31,0.0
100099,6221645,Closed,currency 1,-478,0,252.0,-350.0,,0,450000.0,,,0.0,Consumer credit,-350,
100099,6221646,Closed,currency 1,-570,0,-205.0,-350.0,,0,225000.0,,,0.0,Consumer credit,-350,4828.5
100099,6221647,Active,currency 1,-350,0,1476.0,,,0,512901.0,,,0.0,Consumer credit,-12,5562.0
100099,6221648,Active,currency 1,-162,0,1664.0,,,0,613350.0,,,0.0,Consumer credit,-5,
100099,6221649,Active,currency 1,-350,0,,,,0,90000.0,,,0.0,Credit card,-5,5562.0
100099,6221650,Closed,currency 1,-772,0,-590.0,-590.0,0.0,0,63022.5,0.0,0.0,0.0,Consumer credit,-587,9675.0
100096,6238780,Closed,currency 1,-2922,0,-2610.0,-1647.0,,0,65610.0,,,0.0,Consumer credit,-1647,
100092,6287193,Closed,currency 1,-537,0,-232.0,-231.0,,0,24250.5,0.0,0.0,0.0,Consumer credit,-230,0.0
100092,6287194,Closed,currency 1,-2413,0,-587.0,-1163.0,,0,135000.0,0.0,0.0,0.0,Consumer credit,-599,0.0
100092,6287195,Closed,currency 1,-2413,0,-587.0,-1163.0,,0,135000.0,0.0,0.0,0.0,Consumer credit,-912,0.0
100092,6287196,Active,currency 1,-292,0,42.0,,,0,67500.0,66487.5,0.0,0.0,Credit card,-91,
100092,6287197,Active,currency 1,-84,0,281.0,,,0,99450.0,84348.0,0.0,0.0,Consumer credit,-21,9405.0
100092,6287198,Active,currency 1,-530,0,1296.0,,,0,238500.0,124659.0,0.0,0.0,Consumer credit,-11,9270.0
100092,6287199,Active,currency 1,-363,0,370.0,,,0,218025.0,129978.0,0.0,0.0,Consumer credit,-27,8478.0
100092,6287200,Active,currency 1,-1163,0,661.0,,,0,373500.0,156951.0,0.0,0.0,Consumer credit,-36,9598.5
100092,6287201,Active,currency 1,-1163,0,661.0,,,0,373500.0,340407.0,0.0,0.0,Consumer credit,-912,9598.5
100092,6287202,Closed,currency 1,-2076,0,-1587.0,-1587.0,,0,82314.0,,,0.0,Consumer credit,-1587,
100092,6287203,Closed,currency 1,-1770,0,-1586.0,-1583.0,,0,30861.0,0.0,,0.0,Consumer credit,-1332,0.0
100092,6287204,Active,currency 1,-1587,0,-1040.0,,,0,132817.5,34479.0,,0.0,Consumer credit,-1141,9450.0
100092,6287205,Closed,currency 1,-1141,0,-363.0,-363.0,5849.28,0,303858.405,0.0,0.0,0.0,Consumer credit,-363,
100084,6291458,Closed,currency 1,-2152,0,-1788.0,-991.0,,0,98100.0,,,0.0,Consumer credit,-988,0.0
100023,6296136,Closed,currency 1,-2624,0,-2228.0,-2287.0,2182.5,0,22500.0,0.0,0.0,0.0,Consumer credit,-2287,
100023,6296137,Active,currency 1,-2370,0,-1250.0,-2335.0,0.0,0,45000.0,0.0,0.0,0.0,Credit card,-635,
100023,6296138,Closed,currency 1,-1054,0,-809.0,-793.0,,0,39969.0,0.0,0.0,0.0,Consumer credit,-696,
100023,6296140,Active,currency 1,-984,0,60.0,,,0,45000.0,41881.5,0.0,0.0,Credit card,-34,
100023,6296141,Active,currency 1,-1054,0,773.0,,,0,123637.5,70443.0,0.0,0.0,Consumer credit,-34,
100023,6296142,Closed,currency 1,-1507,0,-1265.0,-1265.0,,0,52483.5,,,0.0,Consumer credit,-1265,
100023,6296143,Closed,currency 1,-1269,0,-871.0,-871.0,,0,63751.5,24714.0,,0.0,Consumer credit,-871,
100023,6296144,Closed,currency 1,-994,0,-810.0,-810.0,,0,93591.0,0.0,,0.0,Credit card,-810,
100023,6296145,Closed,currency 1,-1053,0,-809.0,-809.0,,0,39969.0,0.0,,0.0,Consumer credit,-806,
100023,6296146,Closed,currency 1,-753,0,,-508.0,,0,225000.0,,,0.0,Credit card,-508,
100023,6296147,Closed,currency 1,-508,0,1318.0,-138.0,,0,221121.0,,,0.0,Consumer credit,-135,
100023,6296148,Active,currency 1,-157,0,1669.0,,,0,444078.0,0.0,,0.0,Consumer credit,-5,
100023,6296149,Closed,currency 1,-810,0,-157.0,-157.0,5980.05,0,229591.845,0.0,0.0,0.0,Consumer credit,-157,
100083,6307728,Active,currency 1,-494,0,1332.0,,,0,2153641.5,1756003.5,0.0,0.0,Car loan,-32,
100083,6307729,Closed,currency 1,-1964,0,-503.0,-525.0,,0,1084239.0,0.0,,0.0,Car loan,-525,
100062,6348204,Closed,currency 1,-306,0,273.0,-274.0,,0,127626.12,0.0,,0.0,Consumer credit,-270,
100062,6348205,Closed,currency 1,-2288,0,-861.0,-861.0,,0,954000.0,0.0,0.0,0.0,Consumer credit,-838,0.0
100028,6356879,Closed,currency 1,-992,0,-452.0,-845.0,,0,43024.5,0.0,,0.0,Consumer credit,-563,
100028,6356880,Active,currency 1,-1805,0,-1105.0,,,0,0.0,0.0,0.0,0.0,Credit card,-54,
100028,6356881,Closed,currency 1,-2105,0,-1862.0,-1836.0,,0,31630.5,0.0,0.0,0.0,Consumer credit,-1027,0.0
100028,6356882,Closed,currency 1,-1924,0,-1375.0,-1375.0,,0,130257.0,0.0,0.0,0.0,Consumer credit,-1001,0.0
100028,6356883,Active,currency 1,-1821,0,30885.0,,,0,162000.0,7713.0,0.0,0.0,Credit card,-913,1624.5
100028,6356884,Active,currency 1,-307,0,935.0,,,0,180000.0,151015.5,0.0,0.0,Credit card,-141,
100028,6356885,Closed,currency 1,-2104,0,-1862.0,-1862.0,,0,31630.5,0.0,,0.0,Consumer credit,-1564,0.0
100028,6356886,Closed,currency 1,-1923,0,-1375.0,-1375.0,,0,130261.5,0.0,,0.0,Consumer credit,-1102,0.0
100028,6356887,Active,currency 1,-1050,0,776.0,,0.0,0,393750.0,,,0.0,Consumer credit,-66,6562.485
100028,6356888,Closed,currency 1,-1419,0,-688.0,-688.0,0.0,0,183600.0,,,0.0,Consumer credit,-685,
100028,6356889,Active,currency 1,-269,0,,,0.0,0,128971.08,27576.0,101390.76,0.0,Credit card,-20,12897.09
100028,6356890,Closed,currency 1,-1102,0,,-687.0,0.0,0,105750.0,0.0,0.0,0.0,Credit card,-682,
100050,6363403,Closed,currency 1,-2702,0,-2305.0,-2334.0,,0,157282.38,0.0,,0.0,Consumer credit,-872,
100050,6363404,Closed,currency 1,-2679,0,-2295.0,-2357.0,,0,135459.0,0.0,0.0,0.0,Consumer credit,-2315,0.0
100050,6363405,Closed,currency 1,-694,0,189.0,-145.0,,0,450000.0,0.0,0.0,0.0,Consumer credit,-135,0.0
100090,6369797,Active,currency 1,-208,0,157.0,,,0,61084.8,40522.275,,0.0,Consumer credit,-15,
100089,6385171,Closed,currency 1,-599,0,-265.0,-265.0,9283.5,0,116545.5,0.0,0.0,0.0,Consumer credit,-261,
100057,6400405,Active,currency 1,-1463,0,,,,0,164250.0,0.0,,0.0,Credit card,-1089,0.0
100057,6400406,Closed,currency 1,-2623,0,-2530.0,-2530.0,0.0,0,22909.5,0.0,0.0,0.0,Consumer credit,-2529,
100088,6422829,Closed,currency 1,-1337,0,1222.0,-418.0,,0,270000.0,0.0,0.0,0.0,Consumer credit,-390,
100088,6422830,Closed,currency 1,-2736,0,-910.0,-1337.0,,0,540000.0,0.0,0.0,0.0,Consumer credit,-669,
100088,6422831,Closed,currency 1,-1214,0,-664.0,-859.0,,0,157500.0,0.0,,0.0,Consumer credit,-856,
100088,6422832,Active,currency 1,-903,0,,,,0,135000.0,,,0.0,Consumer credit,-42,
100088,6422833,Active,currency 1,-851,0,610.0,,,0,675000.0,403969.5,,0.0,Consumer credit,-28,
100079,6445631,Closed,currency 1,-553,0,-371.0,-357.0,,0,60781.5,0.0,0.0,0.0,Consumer credit,-354,
100078,6460631,Closed,currency 1,-1308,0,519.0,-134.0,,0,292500.0,0.0,0.0,0.0,Consumer credit,-125,54000.0
100078,6460632,Active,currency 1,-862,0,,,0.0,0,540000.0,537165.0,2832.705,0.0,Credit card,-28,54000.0
100008,6491432,Closed,currency 1,-1097,0,-792.0,-790.0,,0,95134.5,0.0,0.0,0.0,Consumer credit,-790,
100008,6491433,Closed,currency 1,-1097,0,-853.0,-1028.0,,0,105705.0,0.0,0.0,0.0,Consumer credit,-1027,
100008,6491434,Active,currency 1,-78,0,471.0,,0.0,0,267606.0,240057.0,0.0,0.0,Consumer credit,-16,
100078,6520708,Closed,currency 1,-1338,0,489.0,-119.0,,0,310500.0,0.0,0.0,0.0,Consumer credit,-85,
100058,6552703,Closed,currency 1,-650,0,-378.0,-172.0,,0,90000.0,0.0,0.0,0.0,Credit card,-169,
100058,6552704,Closed,currency 1,-2536,0,-709.0,-758.0,,0,450000.0,0.0,0.0,0.0,Consumer credit,-562,
100058,6552705,Active,currency 1,-790,0,284.0,,,0,135000.0,127777.5,0.0,0.0,Credit card,-18,
100058,6552706,Active,currency 1,-223,0,31087.0,,,0,135000.0,130819.5,,0.0,Credit card,-18,
100030,6584419,Closed,currency 1,-1547,0,238.0,-418.0,0.0,0,0.0,0.0,0.0,0.0,Credit card,-363,
100030,6584420,Closed,currency 1,-1265,0,-1173.0,-1173.0,0.0,0,21975.57,0.0,0.0,0.0,Consumer credit,-1173,
100030,6584421,Active,currency 1,-1053,0,,,0.0,0,45000.0,19341.0,25656.03,0.0,Credit card,-9,
100030,6584422,Closed,currency 1,-840,0,-655.0,-778.0,0.0,0,18500.4,0.0,0.0,0.0,Consumer credit,-778,
100030,6584423,Closed,currency 1,-462,0,-127.0,-127.0,0.0,0,49455.0,0.0,0.0,0.0,Consumer credit,-125,
100030,6584424,Active,currency 1,-418,0,1409.0,,0.0,0,508500.0,432301.5,0.0,0.0,Consumer credit,-19,
100064,6612298,Active,currency 1,-509,0,221.0,,,0,94500.0,34951.5,0.0,0.0,Consumer credit,-21,4653.0
100064,6612299,Active,currency 1,-339,0,-141.0,,,0,67500.0,60462.0,0.0,0.0,Credit card,-172,
100080,6620394,Closed,currency 1,-1802,0,-1651.0,-1652.0,,0,30150.0,0.0,0.0,0.0,Consumer credit,-1516,
100100,6625591,Closed,currency 1,-1728,0,-1035.0,-205.0,,0,4500.0,0.0,,0.0,Credit card,-203,
100100,6625592,Closed,currency 1,-2830,0,-2616.0,-2704.0,,0,16911.45,0.0,,0.0,Consumer credit,-780,0.0
100100,6625593,Closed,currency 1,-1635,0,-1301.0,-1360.0,,0,54432.0,0.0,,0.0,Consumer credit,-780,19819.485
100100,6625594,Closed,currency 1,-443,0,-367.0,-367.0,,0,1800000.0,0.0,0.0,0.0,Consumer credit,-362,
100100,6625595,Closed,currency 1,-2696,0,-869.0,-869.0,,0,1287900.0,0.0,0.0,0.0,Car loan,-850,
100037,6630331,Closed,currency 1,-2761,0,-2608.0,-2636.0,0.0,0,83362.5,0.0,0.0,0.0,Consumer credit,-2636,0.0
100046,6672229,Active,currency 1,-427,0,915.0,,,0,382500.0,0.0,0.0,0.0,Credit card,-9,
100046,6672230,Closed,currency 1,-1100,0,-369.0,-369.0,,0,701730.0,0.0,0.0,0.0,Consumer credit,-344,
100046,6672231,Closed,currency 1,-2653,0,-826.0,-1083.0,,0,3595500.0,0.0,0.0,0.0,Car loan,-907,
100046,6672232,Closed,currency 1,-1793,0,-711.0,-1341.0,,0,7957530.0,0.0,0.0,0.0,Car loan,-1331,
100036,6673494,Active,currency 1,-889,0,-462.0,,,0,94959.0,8339.355,,0.0,Consumer credit,-519,
100005,6735200,Closed,currency 1,-373,0,-128.0,-123.0,,0,58500.0,0.0,0.0,0.0,Credit card,-121,0.0
100005,6735201,Active,currency 1,-137,0,1324.0,,,0,568800.0,543087.0,0.0,0.0,Consumer credit,-11,0.0
100005,6735202,Active,currency 1,-62,0,122.0,,0.0,0,29826.0,25321.5,0.0,0.0,Consumer credit,-31,4261.5
100059,6744278,Closed,currency 1,-449,0,-174.0,-174.0,,0,55030.5,0.0,0.0,0.0,Consumer credit,-171,0.0
100091,6772203,Closed,currency 1,-1409,0,-678.0,-678.0,,0,95179.5,0.0,,0.0,Consumer credit,-7,
100091,6772204,Closed,currency 1,-363,0,368.0,-118.0,,0,450000.0,0.0,,0.0,Consumer credit,-7,
100091,6772205,Active,currency 1,-119,0,1707.0,,,0,1404666.0,1367662.5,0.0,0.0,Consumer credit,-22,0.0
100022,6795607,Active,currency 1,-289,0,441.0,,,0,292500.0,205276.5,0.0,0.0,Consumer credit,-38,
100022,6795608,Active,currency 1,-385,0,1439.0,,0.0,0,765000.0,,,0.0,Consumer credit,-18,
100059,6798301,Closed,currency 1,-764,0,-522.0,-610.0,,0,87066.0,0.0,0.0,0.0,Consumer credit,-608,0.0
100059,6798302,Active,currency 1,-447,0,638.0,,,0,1624500.0,980784.0,,0.0,Car loan,-12,0.0
100059,6798303,Closed,currency 1,-194,0,-102.0,-102.0,0.0,0,75872.7,0.0,0.0,0.0,Consumer credit,-100,49986.0
100059,6798304,Closed,currency 1,-1343,0,-612.0,-642.0,17087.94,0,315000.0,0.0,0.0,0.0,Consumer credit,-642,0.0
100065,6805526,Active,currency 1,-1060,0,620.0,,,0,63000.0,60218.775,2781.225,0.0,Credit card,-8,
100065,6805527,Closed,currency 1,-1207,0,-1116.0,-1116.0,,0,22990.5,0.0,0.0,0.0,Consumer credit,-985,0.0
100065,6805528,Closed,currency 1,-1206,0,-1117.0,-1117.0,,0,22995.0,0.0,,0.0,Consumer credit,-1111,0.0
100065,6805529,Active,currency 1,-939,0,-758.0,,,0,90805.5,,,0.0,Consumer credit,-775,15642.0
100065,6805530,Closed,currency 1,-939,0,-758.0,-758.0,,0,90805.5,,,0.0,Consumer credit,-754,0.0
100065,6805531,Closed,currency 1,-1123,0,-520.0,-519.0,,0,36000.0,0.0,,0.0,Credit card,-516,0.0
100065,6805532,Closed,currency 1,-717,0,-533.0,-595.0,,0,137614.5,,,0.0,Consumer credit,-505,0.0
100065,6805533,Closed,currency 1,-595,0,-414.0,-480.0,,0,175500.0,,,0.0,Consumer credit,-480,0.0
100065,6805534,Closed,currency 1,-480,0,-115.0,-266.0,,0,225000.0,0.0,,0.0,Consumer credit,-263,0.0
100065,6805535,Closed,currency 1,-266,0,99.0,-107.0,,0,247500.0,0.0,,0.0,Consumer credit,-106,0.0
100065,6805536,Active,currency 1,-107,0,259.0,,,0,348237.0,303223.5,,0.0,Consumer credit,-17,33777.0
100065,6805537,Closed,currency 1,-317,0,-133.0,-133.0,0.0,0,70425.945,0.0,0.0,0.0,Consumer credit,-133,
100065,6805538,Active,currency 1,-358,0,27225.0,,0.0,0,180000.0,176831.235,3168.765,0.0,Credit card,-15,4500.0
100004,6829133,Closed,currency 1,-1326,0,-595.0,-683.0,,0,94500.0,0.0,0.0,0.0,Consumer credit,-682,
100004,6829134,Closed,currency 1,-408,0,-382.0,-382.0,0.0,0,94537.8,0.0,0.0,0.0,Consumer credit,-382,
100061,6830335,Closed,currency 1,-924,0,-738.0,-771.0,,0,37741.5,0.0,,0.0,Consumer credit,-426,
